number,z,log(1+z),logM*,log(sSFR/sSFR(MS)),"kpc/""",R1/2,del-R1/2,vrot,del-vrot,sigma-intrinsic,del-s,vrot/sintr,del-vrot/sintr,B/T,n(Sersic),M_bulge,Mmol-gas,Mbaryon,log(S* (R1/2)),log(S* (1kpc)),logSgas,fgas,logMgas/M*,SFRbest,sSFR,(V-J)rf,(U-V)rf,,type,logSSFR ,
,,,,Whitaker 14,,(kpc),(kpc),(km/s),(km/s),(km/s),(km/s),,,,,Msun,Msun,Msun,Msun kpc^-2,Msun kpc^-2,Msun/kpc^2,(baryonic),,Msun/yr,Gyr^-1,,,,,(Msun/yr/kpc^2),
1,2.148,0.498,10.33,-0.34,8.29,4.7,0.90,173,52,48,24,3.6,2.1,,,-999,1.75E+10,3.86E+10,8.18,,8.10,0.45,-0.084,23.5,1.11,,,,b-SFG,-0.771,1
2,2.408,0.532,10.01,-0.30,8.13,2.1,1.00,176,21,44,11,4.0,1.1,,,-999,1.04E+10,2.07E+10,8.57,,8.58,0.50,0.007,15.4,1.49,,0.670,,b-SFG,-0.257,2
3,2.156,0.499,9.36,0.33,8.28,1.1,0.70,77,24,26,10,3.0,1.5,,1.00,-999,5.42E+09,7.69E+09,8.48,,8.85,0.70,0.378,13.6,5.98,,0.140,,b-SFG,0.252,3
4,2.521,0.547,9.97,0.70,8.05,3.3,1.10,129,21,68,12,1.9,0.4,,,-999,3.61E+10,4.56E+10,8.14,,8.72,0.79,0.584,150.0,15.94,,0.240,,b-SFG,0.341,4
5,2.434,0.536,10.81,-0.49,8.11,6.5,1.00,158,32,32,16,4.9,2.7,,,-999,3.75E+10,1.01E+11,8.38,,8.15,0.37,-0.233,42.0,0.66,,,,b-SFG,-0.801,5
6,2.172,0.501,9.89,1.01,8.28,5.1,1.00,183,37,60,10,3.0,0.8,,,-999,3.75E+10,4.52E+10,7.67,,8.36,0.83,0.688,185.0,24.03,,,,b-SFG,0.054,6
7,2.174,0.502,10.61,-0.52,8.27,6.2,1.20,303,26,54,10,5.6,1.1,,0.30,2.10E+09,2.34E+10,6.44E+10,8.23,,7.99,0.36,-0.244,25.0,0.61,,1.290,,b-SFG,-0.985,7
8,2.108,0.492,10.43,-0.78,8.31,2.6,1.40,103,26,48,23,2.1,1.1,,,-999,1.20E+10,3.89E+10,8.80,,8.45,0.31,-0.352,10.2,0.38,,0.930,,b-SFG,-0.620,8
9,2.211,0.507,11.00,-0.344,8.25,4.5,1.10,327,45,62,19,5.2,1.7,,0.40,8.50E+09,5.39E+10,1.54E+11,8.90,,8.63,0.35,-0.268,60.0,0.60,,0.930,,b-SFG,-0.326,9
10,2.031,0.482,10.37,-0.51,8.35,1.3,1.30,91,18,30,15,3.0,1.6,,,-999,1.45E+10,3.80E+10,9.33,,9.12,0.38,-0.208,15.9,0.68,,,,b-SFG,0.162,10
11,2.258,0.513,10.26,0.22,8.22,6.0,0.80,290,26,58,11,5.0,1.0,,0.10,1.00E+09,3.27E+10,5.07E+10,7.90,,8.16,0.64,0.259,80.0,4.44,,0.770,,b-SFG,-0.451,11
12,2.269,0.514,10.84,-0.44,8.22,4.9,0.13,95,19,48,24,2.0,1.1,,,-999,3.85E+10,1.08E+11,8.66,,8.41,0.36,-0.257,42.0,0.60,,,,b-SFG,-0.555,12
13,2.332,0.523,10.75,-0.52,8.18,2.4,0.60,152,28,61,15,2.5,0.8,,2.00,6.00E+09,3.16E+10,8.82E+10,9.19,,8.94,0.36,-0.253,33.9,0.60,,0.930,,b-SFG,-0.028,13
14,2.032,0.482,10.20,-0.13,8.35,3.3,0.70,56,11,42,21,1.3,0.7,,,-999,1.67E+10,3.25E+10,8.36,,8.39,0.51,0.025,26.9,1.70,,,,b-SFG,-0.406,14
15,2.173,0.501,10.40,0.16,8.27,5.5,0.50,88,20,45,19,1.9,0.9,,3.60,4.00E+09,3.95E+10,6.48E+10,8.12,,8.32,0.61,0.193,89.0,3.52,,0.800,,b-SFG,-0.330,15
16,2.236,0.510,10.43,0.17,8.24,3.9,0.30,310,60,31,10,10.0,3.7,,0.60,-999,4.29E+10,6.96E+10,8.45,,8.65,0.62,0.205,99.0,3.71,,0.720,,b-SFG,0.015,16
17,2.225,0.509,10.28,0.31,8.24,5.0,0.75,327,40,50,10,6.5,1.5,,0.20,-999,3.80E+10,5.71E+10,8.08,,8.38,0.67,0.300,101.0,5.30,0.675,0.490,1.184,b-SFG,-0.192,17
18,2.224,0.508,10.51,-0.23,8.25,6.0,1.20,197,39,42,10,4.7,1.5,,,-999,2.97E+10,6.22E+10,8.16,,8.12,0.48,-0.039,44.9,1.38,,,,b-SFG,-0.702,18
19,2.036,0.482,10.07,0.64,8.35,12.0,5.00,268,54,32,10,8.5,3.2,,,-999,3.41E+10,4.57E+10,7.11,,7.58,0.75,0.467,118.0,10.15,,,,b-SFG,-0.885,19
20,2.387,0.530,11.50,-0.051,8.14,5.1,0.50,364,27,36,10,10.0,2.8,,2.60,4.60E+10,2.30E+11,5.46E+11,9.29,,9.15,0.42,-0.137,355.0,1.12,,1.520,,b-SFG,0.337,20
21,1.500,0.398,11.08,0.525,8.46,5.9,0.80,389,83,73,20,5.3,1.8,,,-999,1.09E+11,2.28E+11,8.74,,8.70,0.48,-0.041,214.0,1.79,,1.280,,b-SFG,-0.009,21
22,1.650,0.423,11.07,0.416,8.47,4.6,0.92,104,21,33,17,3.2,1.7,,,-999,1.08E+11,2.26E+11,8.95,,8.91,0.48,-0.043,201.6,1.70,,,,b-SFG,0.181,22
23,2.383,0.529,11.04,-0.057,8.14,6.3,1.0,326,41,76,20,4.3,1.2,0.25,1.40,1.10E+10,9.23E+10,2.01E+11,8.64,,8.57,0.46,-0.070,146.0,1.34,0.600,0.710,,b-SFG,-0.233,23
24,1.406,0.381,10.58,0.51,8.43,6.3,1.30,359,21,35,17,10.2,5.0,,,-999,4.86E+10,8.67E+10,8.18,,8.29,0.56,0.105,111.9,2.93,,,,b-SFG,-0.348,24
25,2.387,0.530,11.04,-0.051,8.14,2.4,0.70,336,48,22,10,15.5,7.5,,3.80,1.30E+10,9.42E+10,2.04E+11,9.48,,9.42,0.46,-0.067,150.0,1.36,,0.840,,b-SFG,0.617,25
26,2.141,0.497,9.76,0.49,8.29,2.6,0.60,97,35,55,10,1.8,0.7,,1.50,2.20E+09,1.56E+10,2.14E+10,8.14,,8.57,0.73,0.430,47.0,8.10,,0.400,,b-SFG,0.044,26
27,1.446,0.388,10.65,0.47,8.45,2.2,0.40,263,30,20,10,13.0,6.6,,,-999,5.21E+10,9.66E+10,9.17,,9.23,0.54,0.069,113.0,2.54,,0.990,,b-SFG,0.570,27
28,2.220,0.508,10.20,0.17,8.25,0.8,0.60,114,37,24,10,4.7,2.5,,5.00,1.90E+09,2.66E+10,4.23E+10,9.59,,9.82,0.63,0.229,61.0,3.89,,0.400,,b-SFG,1.181,28
29,2.287,0.517,9.96,0.66,8.21,5.4,0.80,145,32,48,19,3.0,1.4,,0.70,1.30E+09,3.12E+10,4.04E+10,7.70,,8.23,0.77,0.530,117.0,12.72,,0.560,,b-SFG,-0.195,29
30,2.154,0.499,9.92,0.60,8.29,5.8,0.90,100,18,51,14,2.0,0.6,,0.10,1.00E+09,2.51E+10,3.35E+10,7.60,,8.07,0.75,0.476,85.0,10.12,,0.330,,b-SFG,-0.396,30
31,2.196,0.505,10.62,0.55,8.26,5.5,1.0,301,25,74,20,4.1,1.1,,0.10,-999,9.44E+10,1.36E+11,8.34,,8.70,0.70,0.358,300.0,7.25,,0.560,,b-SFG,0.198,31
32,2.182,0.503,10.39,0.78,8.27,3.6,1.20,219,46,55,6,4.0,0.9,,1.10,1.70E+09,8.50E+10,1.09E+11,8.48,,9.02,0.78,0.542,359.0,14.71,,0.500,,b-SFG,0.644,32
33,2.454,0.538,9.66,0.51,8.10,4.7,1.20,104,12,47,19,2.2,0.9,,0.50,-999,1.43E+10,1.89E+10,7.52,,8.01,0.76,0.492,47.0,10.22,,0.360,,b-SFG,-0.470,33
34,2.199,0.505,9.62,0.70,8.26,3.2,0.70,83,20,55,25,1.5,0.8,,1.50,1.30E+09,1.57E+10,1.99E+10,7.81,,8.39,0.79,0.572,59.0,14.05,,0.310,,b-SFG,-0.038,34
35,2.444,0.537,9.54,0.64,8.10,1.8,0.20,143,35,35,15,4.1,2.0,,0.90,-999,1.29E+10,1.64E+10,8.23,,8.80,0.79,0.573,48.0,13.91,,0.530,,b-SFG,0.373,35
36,2.028,0.481,10.34,0.29,8.35,3.1,1.10,121,30,64,16,2.0,0.7,,4.90,5.60E+09,3.83E+10,6.03E+10,8.56,,8.80,0.64,0.241,94.0,4.27,,0.880,,b-SFG,0.192,36
37,2.480,0.542,9.94,0.61,8.08,2.6,0.50,133,38,39,19,3.4,2.0,,0.80,-999,2.98E+10,3.86E+10,8.32,,8.85,0.77,0.529,111.0,12.61,,0.570,,b-SFG,0.417,37
38,2.450,0.538,9.87,0.56,8.10,1.6,0.50,94,20,34,18,2.8,1.6,,1.70,1.40E+09,2.39E+10,3.14E+10,8.67,,9.17,0.76,0.504,84.0,11.21,,0.510,,b-SFG,0.718,38
39,2.436,0.536,9.96,0.53,8.11,2.4,1.00,156,32,44,12,3.5,1.2,,1.50,-9.00E+08,2.76E+10,3.68E+10,8.41,,8.88,0.75,0.477,94.0,10.22,,0.680,,b-SFG,0.415,39
40,1.530,0.403,11.04,0.38,8.46,6.3,1.00,266,33,40,12,6.7,2.2,,,-999,8.68E+10,1.96E+11,8.64,,8.54,0.44,-0.101,150.2,1.37,,,,b-SFG,-0.220,40
41,2.242,0.511,11.08,0.19,8.23,4.2,2.00,286,25,34,15,8.4,3.8,3.40E-01,4.80,5.50E+10,1.26E+11,2.46E+11,9.03,,9.05,0.51,0.020,239.0,1.99,0.950,1.290,,b-SFG,0.334,41
42,0.882,0.275,10.26,0.19,7.76,3.28,0.49,134,8,49,20,2.7,1.1,0,0.261,0.0E+00,1.21E+10,3.03E+10,8.43,8.581,8.25,0.40,-0.175,19.6,1.08,1.263,1.319,1.801,r-SFG,-0.538,42
43,0.834,0.263,10.55,0.19,7.62,1.97,0.30,268,20,31,15,8.6,4.2,0.244,1.76,8.7E+09,1.65E+10,5.19E+10,9.16,9.791,8.83,0.32,-0.333,23.1,0.65,1.869,1.802,2.335,r-SFG,-0.025,43
44,0.758,0.245,10.66,0.06,7.38,6.15,0.92,295,16,19,7,15.7,5.9,0.47,3.627,2.1E+10,1.37E+10,5.94E+10,8.28,9.601,7.76,0.23,-0.522,15.3,0.33,1.162,1.446,1.713,r-SFG,-1.191,44
45,0.927,0.285,10.52,0.23,7.86,3.55,0.53,274,17,70,25,3.9,1.4,0.672,2.769,2.2E+10,1.89E+10,5.20E+10,8.62,9.493,8.38,0.36,-0.243,28.8,0.87,1.038,1.237,1.603,b-SFG,-0.439,45
46,0.868,0.271,10.31,0.36,7.72,3.86,0.58,160,8,41,18,3.9,1.7,0.163,1.424,3.3E+09,1.59E+10,3.63E+10,8.34,9.102,8.23,0.44,-0.108,29.9,1.46,1.241,1.138,1.782,b-SFG,-0.495,46
47,0.804,0.256,10.48,-0.41,7.53,2.34,0.35,357,25,27,7,13.2,3.6,0.204,2.098,6.2E+09,6.74E+09,3.69E+10,8.94,9.548,8.29,0.18,-0.651,5.3,0.18,1.157,1.407,1.708,r-SFG,-0.812,47
48,0.954,0.291,9.85,-0.50,7.92,5.82,0.87,205,26,32,10,6.3,2.1,-99,0.797,-1.0E+03,2.69E+09,9.76E+09,7.52,,7.10,0.27,-0.421,2.3,0.32,0.654,0.909,1.266,b-SFG,-1.968,48
49,0.891,0.277,10.16,0.16,7.78,2.93,0.44,167,9,56,30,3.0,1.6,0.072,1.036,1.0E+09,1.02E+10,2.47E+10,8.43,8.86,8.28,0.41,-0.151,16.5,1.14,1.225,1.228,1.768,b-SFG,-0.515,49
50,1.031,0.308,10.74,0.64,8.07,6.96,1.04,269,16,44,20,6.1,2.8,0.06,0.956,3.3E+09,4.62E+10,1.01E+11,8.26,9.291,8.18,0.46,-0.075,96.2,1.75,1.303,1.215,1.737,b-SFG,-0.501,50
51,0.899,0.279,10.3,0.34,7.80,2.92,0.44,305,13,39,20,7.8,4.0,0.105,1.233,2.1E+09,1.60E+10,3.59E+10,8.57,8.62,8.48,0.44,-0.096,29.9,1.50,1.283,1.078,1.819,b-SFG,-0.252,51
52,0.949,0.290,10.17,0.20,7.91,5.70,0.86,112,12,27,14,4.2,2.2,0.084,1.26,1.2E+09,1.15E+10,2.63E+10,7.86,8.633,7.75,0.44,-0.110,19.3,1.31,0.822,0.951,1.413,b-SFG,-1.024,52
53,0.950,0.290,10.74,0.55,7.92,5.94,0.89,148,4,40,20,3.7,1.9,0,0.435,0.0E+00,3.74E+10,9.24E+10,8.39,9.04,8.23,0.41,-0.167,69.6,1.27,1.454,1.461,1.970,r-SFG,-0.504,53
54,0.893,0.277,9.82,0.32,7.78,4.99,0.75,204,5,22,10,9.2,4.1,-99,0.619,-1.0E+03,6.93E+09,1.35E+10,7.63,,7.65,0.51,0.021,13.5,2.04,0.775,0.786,1.372,b-SFG,-1.065,54
55,0.952,0.290,10.1,-0.02,7.92,3.15,0.47,111,6,21,10,5.3,2.6,0,0.929,0.0E+00,7.72E+09,2.03E+10,8.30,8.641,8.09,0.38,-0.212,10.5,0.83,0.706,0.994,1.311,b-SFG,-0.774,55
56,0.894,0.277,10.17,-0.07,7.78,8.06,1.21,116,10,36,24,3.2,2.1,0.382,3.549,5.7E+09,7.69E+09,2.25E+10,7.56,9.106,7.27,0.34,-0.284,9.8,0.66,0.965,1.146,1.539,b-SFG,-1.620,56
57,0.892,0.277,10.03,0.24,7.78,10.23,1.53,227,8,33,7,6.9,1.5,0,0.75,0.0E+00,9.13E+09,1.98E+10,7.21,7.909,7.14,0.46,-0.070,16.3,1.52,1.590,1.205,2.089,b-SFG,-1.606,57
58,0.901,0.279,10.1,-0.21,7.80,2.99,0.45,188,20,19,7,9.7,3.7,0.127,1.174,1.6E+09,5.78E+09,1.84E+10,8.35,9.018,8.01,0.31,-0.338,6.5,0.51,1.223,1.356,1.766,r-SFG,-0.937,58
59,0.900,0.279,10.31,0.36,7.80,3.78,0.57,108,6,35,20,3.1,1.8,0.239,1.048,4.9E+09,1.67E+10,3.71E+10,8.36,8.907,8.27,0.45,-0.087,31.8,1.56,0.851,0.985,1.439,b-SFG,-0.451,59
60,0.852,0.268,10.83,0.16,7.68,7.75,1.16,295,7,31,7,9.4,2.1,0.393,3.278,2.7E+10,2.18E+10,8.94E+10,8.25,9.63,7.76,0.24,-0.491,25.2,0.37,1.149,1.283,1.701,b-SFG,-1.175,60
61,1.029,0.307,10.07,0.10,8.07,3.32,0.50,171,18,41,20,4.2,2.1,0.132,0.554,1.6E+09,9.27E+09,2.10E+10,8.23,8.79,8.13,0.44,-0.103,14.6,1.24,0.915,1.063,1.395,b-SFG,-0.675,61
62,0.890,0.277,9.84,0.26,7.78,4.90,0.73,121,23,62,40,2.0,1.3,-99,1.271,-1.0E+03,6.65E+09,1.36E+10,7.66,,7.64,0.49,-0.017,12.2,1.76,0.896,0.767,1.478,b-SFG,-1.093,62
63,0.914,0.282,10.32,-0.16,7.83,8.42,1.26,127,8,35,17,3.7,1.8,0.103,1.238,2.2E+09,8.76E+09,2.97E+10,7.67,8.725,7.29,0.30,-0.378,9.8,0.47,0.920,1.118,1.500,b-SFG,-1.657,63
64,0.907,0.280,10.77,0.45,7.82,4.25,0.64,265,13,32,12,8.4,3.2,0.071,1.503,4.2E+09,3.21E+10,9.10E+10,8.72,9.38,8.45,0.35,-0.263,52.5,0.89,1.322,1.345,1.853,r-SFG,-0.334,64
65,0.902,0.279,10.46,0.26,7.80,4.34,0.65,198,9,43,20,4.6,2.1,0.133,1.767,3.8E+09,1.77E+10,4.66E+10,8.39,9.257,8.18,0.38,-0.212,28.4,0.99,0.860,1.022,1.447,b-SFG,-0.619,65
66,0.823,0.261,9.86,0.35,7.59,2.22,0.33,225,28,47,7,4.7,0.9,-99,1.466,-1.0E+03,7.26E+09,1.45E+10,8.37,,8.37,0.50,0.001,14.5,1.99,1.888,1.653,2.351,r-SFG,-0.332,66
67,0.897,0.278,10.28,0.24,7.79,3.75,0.56,196,10,37,5,5.2,0.7,0.2,1.43,3.8E+09,1.35E+10,3.26E+10,8.33,8.748,8.19,0.42,-0.149,22.8,1.20,0.730,0.898,1.332,b-SFG,-0.587,67
68,0.787,0.252,10.68,0.45,7.48,4.99,0.75,309,10,24,7,12.7,3.6,0.093,1.146,4.5E+09,2.42E+10,7.21E+10,8.49,9.089,8.19,0.34,-0.296,39.8,0.83,1.720,1.478,2.204,r-SFG,-0.594,68
69,0.897,0.278,10.26,0.20,7.79,3.23,0.48,140,30,28,4,4.9,1.3,0,0.677,0.0E+00,1.25E+10,3.07E+10,8.44,8.595,8.28,0.41,-0.161,20.6,1.13,1.080,1.022,1.640,b-SFG,-0.502,69
70,0.810,0.258,10.2,-0.27,7.55,5.29,0.79,159,7,32,10,4.9,1.6,0,0.976,0.0E+00,5.70E+09,2.16E+10,7.95,8.55,7.51,0.26,-0.444,5.8,0.37,0.975,0.959,1.548,b-SFG,-1.479,70
71,0.923,0.284,10.19,-0.27,7.85,2.95,0.44,157,51,51,20,3.1,1.6,0,0.823,0.0E+00,6.31E+09,2.18E+10,8.45,8.846,8.06,0.29,-0.390,6.6,0.42,1.562,1.566,2.065,r-SFG,-0.922,71
72,0.895,0.278,10.12,-0.18,7.79,3.91,0.59,195,7,32,7,6.1,1.4,-99,0.658,-1.0E+03,6.17E+09,1.94E+10,8.14,,7.81,0.32,-0.330,7.1,0.54,0.952,1.014,1.528,b-SFG,-1.132,72
73,0.920,0.283,10.73,-0.20,7.85,2.22,0.33,251,54,61,55,4.1,3.8,0.702,3.512,3.8E+10,1.34E+10,6.71E+10,9.24,9.787,8.64,0.20,-0.603,11.5,0.21,1.259,1.765,1.798,r-SFG,-0.429,73
74,0.912,0.282,10.83,-0.10,7.83,3.19,0.48,274,14,31,10,8.9,2.9,-99,4.097,-1.0E+03,1.70E+10,8.46E+10,9.03,,8.43,0.20,-0.599,15.4,0.23,1.355,1.495,1.882,r-SFG,-0.617,74
75,0.922,0.284,11.11,0.20,7.85,5.72,0.86,179,5,23,12,7.8,4.1,0.558,2.974,7.2E+10,3.82E+10,1.67E+11,8.80,9.684,8.27,0.23,-0.528,43.2,0.34,1.479,1.707,1.992,r-SFG,-0.677,75
76,0.669,0.223,10.76,-0.30,7.03,6.67,1.00,246,5,46,20,5.3,2.3,0.453,3.13,2.6E+10,8.33E+09,6.59E+10,8.31,9.572,7.47,0.13,-0.840,6.0,0.10,1.863,1.647,2.329,r-SFG,-1.672,76
77,0.955,0.291,11.13,-0.34,7.93,9.08,1.36,65,8,36,17,1.8,0.9,0.99,5.478,1.3E+11,2.07E+10,1.56E+11,8.42,9.793,7.60,0.13,-0.815,13.6,0.10,1.421,1.678,1.940,r-SFG,-1.580,77
78,0.954,0.291,10.95,-0.07,7.92,31.02,4.65,299,3,36,17,8.4,4.0,1,8,8.9E+10,2.20E+10,1.11E+11,7.17,9.845,6.56,0.20,-0.608,19.8,0.22,1.374,1.675,1.899,r-SFG,-2.484,78
79,1.018,0.305,10.31,0.33,8.05,6.36,0.95,273,6,49,20,5.6,2.3,0,0.981,0.0E+00,1.81E+10,3.85E+10,7.91,8.555,7.85,0.47,-0.052,34.1,1.67,1.025,0.953,1.492,b-SFG,-0.872,79
80,0.833,0.263,10.07,0.36,7.62,7.60,1.14,130,5,48,17,2.7,1.0,0,0.81,0.0E+00,1.07E+10,2.24E+10,7.51,8.409,7.47,0.48,-0.042,21.1,1.79,0.935,0.968,1.513,b-SFG,-1.236,80
81,1.019,0.305,10.51,-0.27,8.05,7.63,1.14,227,5,17,7,13.6,5.7,0,0.895,0.0E+00,1.09E+10,4.33E+10,7.95,8.505,7.47,0.25,-0.473,10.3,0.32,1.483,1.535,1.895,r-SFG,-1.551,81
82,1.022,0.306,10.12,-0.12,8.06,2.84,0.43,165,15,35,20,,,0.077,1.033,1.0E+09,7.49E+09,2.07E+10,8.42,8.803,8.17,0.36,-0.246,9.3,0.71,1.263,1.371,1.701,r-SFG,-0.735,82
83,1.040,0.310,10.15,0.26,8.09,2.34,0.35,122,17,31,20,3.9,2.6,0.428,0.816,6.0E+09,1.31E+10,2.72E+10,8.61,8.641,8.58,0.48,-0.032,24.0,1.70,0.952,1.049,1.428,b-SFG,-0.156,83
84,0.913,0.282,9.9,-0.24,7.83,2.36,0.35,153,15,19,5,8.1,2.3,-99,1.339,-1.0E+03,3.97E+09,1.19E+10,8.36,,8.06,0.33,-0.301,4.4,0.55,0.956,1.122,1.531,b-SFG,-0.901,84
85,0.802,0.256,10.59,-0.08,7.53,4.67,0.70,210,14,26,7,8.0,2.2,0.085,1.354,3.3E+09,1.15E+10,5.04E+10,8.45,9.036,7.92,0.23,-0.530,11.7,0.30,1.182,1.159,1.730,b-SFG,-1.066,85
86,0.824,0.261,10.59,-0.95,7.59,2.79,0.42,281,14,21,7,13.5,4.6,0.269,3.28,1.0E+10,3.87E+09,4.28E+10,8.90,9.699,7.90,0.09,-1.002,1.7,0.04,1.385,1.674,1.909,r-SFG,-1.471,86
87,0.913,0.282,9.96,0.49,7.83,2.48,0.37,138,7,32,7,4.3,1.0,-99,1.456,-1.0E+03,1.13E+10,2.04E+10,8.37,,8.46,0.55,0.092,25.9,2.84,0.717,0.820,1.321,b-SFG,-0.174,87
88,0.921,0.283,9.85,-0.19,7.85,4.23,0.63,106,9,27,7,4.0,1.1,-99,0.94,-1.0E+03,3.86E+09,1.09E+10,7.80,,7.54,0.35,-0.263,4.5,0.63,0.672,0.752,1.281,b-SFG,-1.401,88
89,2.313,0.520,10.48,0.19,8.19,1.89,0.28,240,10,51,15,4.7,1.4,0.098,1.01,3.0E+09,5.11E+10,8.13E+10,9.13,9.818,9.36,0.63,0.228,123.8,4.10,1.355,1.030,1.782,b-SFG,0.741,89
90,2.245,0.511,8.6,-1.14,8.23,4.62,0.69,182,9,55,7,3.3,0.4,0,0.64,0.0E+00,1.63E+08,5.61E+08,6.47,9.07,6.09,0.29,-0.387,0.1,0.22,0.652,0.927,1.164,b-SFG,-3.188,90
91,2.519,0.546,11.05,0.08,8.05,5.77,0.86,372,18,77,25,4.8,1.6,0.092,1.144,1.0E+10,1.22E+11,2.34E+11,8.73,9.902,8.77,0.52,0.036,233.1,2.08,1.285,1.126,1.721,b-SFG,0.048,91
92,2.528,0.547,11.15,-0.37,8.05,4.52,0.68,383,17,53,20,7.2,2.7,0.154,2.26,2.2E+10,8.24E+10,2.24E+11,9.04,10.057,8.81,0.37,-0.234,98.4,0.70,1.320,1.494,1.752,r-SFG,-0.116,92
93,2.142,0.497,10.86,0.06,8.29,1.39,0.21,336,41,48,20,7.0,3.1,0.438,2.36,3.2E+10,6.94E+10,1.42E+11,9.77,,9.76,0.49,-0.018,118.4,1.64,0.940,1.421,1.417,passive,0.987,93
94,2.225,0.509,11.2,0.26,8.24,3.54,0.53,233,13,47,20,5.0,2.1,0.989,6.869,1.6E+11,1.69E+11,3.28E+11,9.30,10.255,9.33,0.52,0.028,335.2,2.11,0.905,1.121,1.386,b-SFG,0.630,94
95,2.309,0.520,10.96,0.82,8.19,2.71,0.41,306,16,24,7,13.0,3.9,0,0.34,0.0E+00,2.42E+11,3.33E+11,9.30,9.344,9.72,0.73,0.424,926.6,10.16,1.578,1.290,1.979,b-SFG,1.302,95
96,2.227,0.509,10.5,0.03,8.24,2.32,0.35,244,10,35,10,6.9,2.0,0.304,0.968,9.6E+09,4.06E+10,7.23E+10,8.97,9.752,9.08,0.56,0.109,80.1,2.53,1.040,1.223,1.505,b-SFG,0.373,96
97,2.187,0.503,11,0.31,8.27,7.30,1.09,223,9,32,10,6.9,2.2,0,0.837,0.0E+00,1.24E+11,2.24E+11,8.48,9.52,8.57,0.55,0.094,266.8,2.67,1.375,1.149,1.800,b-SFG,-0.099,97
98,2.318,0.521,10.3,-0.09,8.19,2.53,0.38,67,9,58,20,1.2,0.4,0.191,1.532,3.8E+09,2.47E+10,4.46E+10,8.70,9.135,8.79,0.55,0.092,45.1,2.26,0.376,0.810,0.921,b-SFG,0.050,98
99,2.228,0.509,10.36,-0.12,8.24,4.35,0.65,118,12,44,20,2.7,1.3,0.001,0.582,2.3E+07,2.59E+10,4.88E+10,8.28,8.838,8.34,0.53,0.053,44.7,1.95,0.388,0.705,0.931,b-SFG,-0.425,99
100,2.442,0.537,10.66,0.07,8.11,3.27,0.49,156,9,58,30,2.7,1.4,0,0.829,0.0E+00,6.23E+10,1.08E+11,8.83,9.772,8.97,0.58,0.135,131.8,2.88,1.219,1.017,1.663,b-SFG,0.292,100
101,2.254,0.512,10.65,-0.19,8.23,3.43,0.51,113,7,56,25,2.0,0.9,0.229,1.599,1.0E+10,3.97E+10,8.43E+10,8.78,9.135,8.73,0.47,-0.052,60.3,1.35,0.636,0.968,1.150,b-SFG,-0.089,101
102,2.019,0.480,10.82,0.23,8.36,2.67,0.40,133,5,35,23,3.8,2.5,0,0.214,0.0E+00,7.50E+10,1.41E+11,9.17,9.368,9.22,0.53,0.055,146.9,2.22,1.710,1.464,2.095,r-SFG,0.515,102
103,2.062,0.486,10.9,0.05,8.33,2.38,0.36,191,9,41,26,4.7,3.1,0.022,0.34,1.7E+09,6.91E+10,1.49E+11,9.35,9.436,9.29,0.47,-0.060,111.3,1.40,1.761,1.655,2.140,r-SFG,0.497,103
104,2.034,0.482,10.65,0.04,8.35,6.99,1.05,284,9,18,7,15.8,6.2,0.033,0.86,1.5E+09,4.64E+10,9.11E+10,8.16,9.583,8.18,0.51,0.017,81.3,1.82,0.986,1.054,1.458,b-SFG,-0.577,104
105,2.417,0.534,10.18,-0.07,8.12,3.53,0.53,172,13,39,14,4.4,1.6,-99,0.441,-1.0E+03,2.02E+10,3.54E+10,8.29,,8.41,0.57,0.126,38.2,2.53,0.633,0.591,1.147,b-SFG,-0.312,105
106,2.411,0.533,10.69,0.10,8.13,4.03,0.60,260,12,47,20,5.5,2.3,0.175,1.469,8.6E+09,6.69E+10,1.16E+11,8.68,9.955,8.82,0.58,0.136,142.8,2.92,1.124,1.047,1.579,b-SFG,0.146,106
107,2.035,0.482,10.38,-0.10,8.35,6.17,0.93,157,12,64,25,2.5,1.0,0.073,1.162,1.8E+09,2.49E+10,4.89E+10,8.00,8.9,8.02,0.51,0.016,41.0,1.71,0.846,1.141,1.334,b-SFG,-0.766,107
108,2.028,0.481,11.24,-0.24,8.35,6.40,0.96,355,17,72,35,5.0,2.4,0.143,3.193,2.5E+10,8.45E+10,2.58E+11,8.83,10.229,8.52,0.33,-0.313,93.4,0.54,1.644,1.916,2.037,r-SFG,-0.440,108
109,2.525,0.547,10.41,-0.04,8.05,3.54,0.53,238,18,59,17,4.0,1.2,-99,0.798,-1.0E+03,3.66E+10,6.23E+10,8.51,,8.67,0.59,0.153,75.9,2.95,0.700,0.886,1.206,b-SFG,-0.016,109
110,2.524,0.547,10.22,0.03,8.05,6.93,1.04,110,10,40,20,2.8,1.4,-99,2.651,-1.0E+03,2.65E+10,4.31E+10,7.74,,7.94,0.62,0.204,58.1,3.50,0.530,0.417,1.056,b-SFG,-0.715,110
111,0.798,0.255,10.68,0.93,7.51,2.32,0.35,196,4,21,7,9.6,3.3,0.369,3.456,1.8E+10,4.62E+10,9.40E+10,9.15,9.883,9.13,0.49,-0.016,124.8,2.61,1.406,1.451,1.927,r-SFG,0.566,111
112,0.907,0.280,10.85,0.20,7.82,3.90,0.59,324,9,33,18,9.9,5.5,0.414,2.475,2.9E+10,2.56E+10,9.64E+10,8.87,9.796,8.43,0.27,-0.442,31.2,0.44,1.471,1.620,1.984,r-SFG,-0.487,112
113,2.096,0.491,11.03,0.15,8.32,6.26,0.94,275,13,54,20,5.0,1.9,0,0.432,0.0E+00,9.96E+10,2.07E+11,8.64,8.805,8.61,0.48,-0.032,173.0,1.61,2.033,1.411,2.379,r-SFG,-0.154,113
114,2.064,0.486,10.76,0.20,8.33,4.14,0.62,300,10,42,20,7.2,3.5,0.008,0.352,4.6E+08,6.80E+10,1.26E+11,8.73,9.539,8.80,0.54,0.073,134.8,2.34,0.941,0.993,1.418,b-SFG,0.097,114
115,2.162,0.500,10.35,-0.31,8.28,3.54,0.53,132,3,47,23,2.8,1.4,0.027,0.886,6.0E+08,1.93E+10,4.16E+10,8.45,9.127,8.39,0.46,-0.065,26.9,1.20,0.597,0.761,1.115,b-SFG,-0.467,115
116,2.604,0.557,10.89,0.03,7.99,3.97,0.60,262,11,48,10,5.4,1.1,-99,1.221,-1.0E+03,9.13E+10,1.69E+11,8.89,,8.96,0.54,0.070,179.1,2.31,1.849,1.082,2.217,b-SFG,0.257,116
117,2.229,0.509,10.61,0.72,8.24,2.38,0.36,207,12,42,12,5.0,1.5,0.417,1.638,1.7E+10,1.18E+11,1.59E+11,9.06,9.486,9.52,0.74,0.463,453.8,11.14,0.882,0.893,1.366,b-SFG,1.105,117
118,2.171,0.501,10.4,0.01,8.28,4.96,0.74,269,6,43,17,6.2,2.4,0.003,0.238,7.5E+07,3.23E+10,5.74E+10,8.21,8.36,8.32,0.56,0.109,62.5,2.49,0.786,0.842,1.282,b-SFG,-0.393,118
119,2.219,0.508,10.09,-0.33,8.25,3.97,0.60,140,15,42,17,3.3,1.4,0.232,1.525,2.9E+09,1.11E+10,2.34E+10,8.09,8.63,8.05,0.47,-0.045,15.1,1.23,0.227,0.615,0.790,b-SFG,-0.815,119
120,2.166,0.501,10.64,-0.01,8.28,3.98,0.60,182,9,45,7,4.1,0.7,0.223,1.206,9.7E+09,4.68E+10,9.04E+10,8.64,9.161,8.67,0.52,0.030,82.8,1.90,0.524,0.811,1.051,b-SFG,-0.081,120
121,2.359,0.526,10.57,-0.14,8.16,2.45,0.37,160,8,28,7,5.7,1.4,0.169,0.85,6.3E+09,3.97E+10,7.68E+10,8.99,9.494,9.02,0.52,0.028,68.2,1.84,0.664,0.794,1.174,b-SFG,0.258,121
122,2.465,0.540,10.44,-0.09,8.09,4.90,0.74,158,7,26,7,6.1,1.7,0,0.752,0.0E+00,3.55E+10,6.31E+10,8.26,8.768,8.37,0.56,0.111,68.8,2.50,0.553,0.754,1.077,b-SFG,-0.341,122
123,2.470,0.540,10.83,0.11,8.09,4.01,0.60,168,9,36,10,4.7,1.4,-99,2.127,-1.0E+03,8.59E+10,1.54E+11,8.83,,8.93,0.56,0.104,177.8,2.63,0.262,0.638,0.821,b-SFG,0.245,123
124,2.087,0.490,10.05,-0.06,8.32,3.28,0.49,164,30,49,7,3.4,0.8,0.449,3.454,5.0E+09,1.36E+10,2.48E+10,8.22,9.216,8.30,0.55,0.084,23.4,2.09,0.604,0.708,1.122,b-SFG,-0.460,124
125,2.006,0.478,10.06,0.11,8.36,2.83,0.42,136,17,64,10,2.1,0.4,0.09,0.758,1.0E+09,1.68E+10,2.83E+10,8.36,8.835,8.52,0.59,0.165,33.7,2.94,0.486,0.715,1.018,b-SFG,-0.172,125
126,2.297,0.518,10.24,-0.35,8.20,3.52,0.53,211,13,49,10,4.3,0.9,0,0.672,0.0E+00,1.54E+10,3.28E+10,8.35,9.005,8.30,0.47,-0.052,21.4,1.23,0.996,0.809,1.466,b-SFG,-0.561,126
127,2.151,0.498,10.02,-0.12,8.29,3.39,0.51,73,14,62,7,1.2,0.3,-99,0.749,-1.0E+03,1.21E+10,2.26E+10,8.16,,8.23,0.54,0.064,20.0,1.91,0.508,0.415,1.037,b-SFG,-0.558,127
128,2.391,0.530,10.34,-0.13,8.14,2.71,0.41,261,16,37,7,7.1,1.4,0.163,0.902,3.6E+09,2.66E+10,4.85E+10,8.68,8.971,8.76,0.55,0.085,48.2,2.20,1.060,0.902,1.523,b-SFG,0.019,128
129,2.029,0.481,10.34,-0.07,8.35,4.03,0.60,217,8,53,20,4.1,1.6,0.077,0.475,1.7E+09,2.41E+10,4.59E+10,8.33,8.151,8.37,0.52,0.041,41.1,1.88,0.892,0.664,1.375,b-SFG,-0.394,129
130,2.178,0.502,11.05,0.34,8.27,3.29,0.49,350,17,58,24,6.0,2.5,0,0.448,0.0E+00,1.38E+11,2.51E+11,9.22,9.571,9.31,0.55,0.091,299.4,2.67,1.442,1.059,1.859,b-SFG,0.643,130
131,2.321,0.521,11.06,0.19,8.19,2.98,0.45,280,28,64,35,4.4,2.4,0.249,4.029,2.9E+10,1.28E+11,2.43E+11,9.31,,9.36,0.53,0.048,253.1,2.20,1.301,1.342,1.735,r-SFG,0.657,131
132,2.215,0.507,10.54,-0.28,8.25,3.85,0.58,213,21,75,15,2.9,0.6,0,0.644,0.0E+00,2.90E+10,6.37E+10,8.57,9.294,8.49,0.46,-0.077,41.2,1.19,1.365,1.248,1.791,b-SFG,-0.355,132
133,2.191,0.504,11.46,-0.11,8.26,6.93,1.04,236,19,55,36,4.3,2.8,0.778,3.031,2.2E+11,1.73E+11,4.62E+11,8.98,9.827,8.76,0.38,-0.221,232.8,0.81,1.583,1.831,1.983,r-SFG,-0.112,133
134,2.189,0.504,10.6,-0.14,8.27,2.69,0.40,167,14,45,18,3.7,1.5,0.118,1.048,4.7E+09,3.80E+10,7.78E+10,8.94,9.489,8.92,0.49,-0.020,60.8,1.53,1.197,1.049,1.643,b-SFG,0.125,134
135,2.147,0.498,10.2,0.04,8.29,4.13,0.62,110,30,75,30,1.5,0.7,0.332,3.513,5.3E+09,2.19E+10,3.77E+10,8.17,8.809,8.31,0.58,0.140,42.9,2.71,0.917,0.773,1.397,b-SFG,-0.397,135
136,2.380,0.529,10.73,0.87,8.15,5.08,0.76,183,30,95,62,1.9,1.3,0.316,3.309,1.7E+10,1.88E+11,2.41E+11,8.52,9.655,9.06,0.78,0.543,845.9,15.75,1.380,0.986,1.804,b-SFG,0.718,136
137,2.224,0.508,10.25,-0.43,8.25,3.30,0.49,185,7,34,7,5.5,1.2,0.333,1.13,5.9E+09,1.38E+10,3.16E+10,8.42,9.388,8.31,0.44,-0.110,17.4,0.98,1.076,0.799,1.537,b-SFG,-0.595,137
138,2.467,0.540,10.77,-0.23,8.09,3.12,0.47,230,24,54,30,4.3,2.4,0.091,0.638,5.4E+09,5.09E+10,1.10E+11,8.98,9.738,8.92,0.46,-0.064,76.8,1.30,1.416,1.187,1.836,b-SFG,0.098,138
139,2.122,0.494,10.55,0.95,8.30,3.83,0.57,434,20,86,15,5.0,0.9,0.006,0.259,2.1E+08,1.37E+11,1.73E+11,8.59,9.543,9.17,0.79,0.587,653.4,18.42,1.848,0.965,2.216,b-SFG,0.851,139
140,2.583,0.554,10.48,-0.17,8.01,3.32,0.50,88,24,55,40,1.6,1.2,-99,1.549,-1.0E+03,3.62E+10,6.64E+10,8.64,,8.72,0.55,0.079,66.5,2.20,0.436,0.786,0.974,b-SFG,-0.018,140
141,2.307,0.519,10.48,0.03,8.19,3.41,0.51,136,11,46,12,2.9,0.8,0.005,1.03,1.5E+08,4.12E+10,7.14E+10,8.62,9.032,8.75,0.58,0.134,84.3,2.79,0.610,0.821,1.127,b-SFG,0.062,141
142,2.043,0.483,10.75,0.16,8.34,4.71,0.71,252,8,46,20,5.5,2.4,0,0.682,0.0E+00,6.33E+10,1.19E+11,8.60,9.548,8.66,0.53,0.051,120.6,2.15,1.071,1.247,1.532,b-SFG,-0.064,142
143,0.921,0.284,10.61,-0.47,7.85,1.59,0.24,258,15,20,13,12.9,8.4,0.387,3.772,1.6E+10,8.39E+09,4.91E+10,9.41,9.731,8.73,0.17,-0.686,5.9,0.15,1.550,2.050,2.054,r-SFG,-0.425,143
144,0.645,0.216,10.42,0.03,6.92,2.56,0.38,272,20,49,15,5.6,1.8,0.215,1.593,5.7E+09,8.81E+09,3.51E+10,8.80,9.575,8.33,0.25,-0.475,10.8,0.41,2.269,1.772,2.687,r-SFG,-0.581,144
145,0.831,0.263,10.37,0.22,7.62,5.15,0.77,279,9,28,10,9.8,3.5,0.112,1.465,2.6E+09,1.38E+10,3.73E+10,8.15,9.221,7.92,0.37,-0.230,21.9,0.93,1.978,1.520,2.431,r-SFG,-0.881,145
146,0.953,0.291,9.91,0.13,7.92,4.14,0.62,221,10,52,18,4.2,1.5,-99,1.059,-1.0E+03,6.72E+09,1.48E+10,7.88,,7.79,0.45,-0.083,10.8,1.33,0.699,0.809,1.305,b-SFG,-0.999,146
147,0.777,0.250,10.35,0.47,7.44,2.87,0.43,177,11,52,35,3.4,2.3,0.15,1.169,3.4E+09,1.73E+10,3.97E+10,8.64,9.345,8.52,0.44,-0.113,35.1,1.57,1.384,1.318,1.908,r-SFG,-0.168,147
148,0.880,0.274,10.7,0.38,7.75,2.53,0.38,345,22,59,25,5.9,2.5,0.81,3.427,4.1E+10,2.60E+10,7.61E+10,9.09,9.86,8.81,0.34,-0.286,40.5,0.81,1.373,1.480,1.898,r-SFG,0.001,148
149,0.879,0.274,9.82,0.15,7.75,5.37,0.81,83,5,20,10,4.2,2.1,-99,2.301,-1.0E+03,5.45E+09,1.21E+10,7.56,,7.48,0.45,-0.084,8.8,1.34,0.449,0.619,1.085,b-SFG,-1.311,149
150,1.419,0.384,10.5,-0.07,8.44,3.64,0.55,202,8,63,41,3.2,2.1,0,0.767,0.0E+00,2.08E+10,5.24E+10,8.58,9.356,8.40,0.40,-0.183,27.6,0.87,0.959,1.035,1.434,b-SFG,-0.479,150
151,1.526,0.402,10.81,0.45,8.46,7.57,1.14,297,8,37,24,8.0,5.2,0,0.359,0.0E+00,6.69E+10,1.32E+11,8.25,8.967,8.27,0.51,0.016,134.5,2.08,1.435,1.764,1.853,r-SFG,-0.427,151
152,1.518,0.401,11.07,0.72,8.46,4.38,0.66,358,10,108,50,3.3,1.5,0,1.044,0.0E+00,1.39E+11,2.57E+11,8.99,9.195,9.06,0.54,0.074,335.3,2.85,1.359,1.037,1.786,b-SFG,0.444,152
153,1.665,0.426,10.74,-0.03,8.47,6.90,1.03,239,9,44,10,5.4,1.2,0.07,1.153,3.8E+09,3.70E+10,9.20E+10,8.26,8.839,8.09,0.40,-0.171,50.2,0.91,1.265,1.374,1.703,r-SFG,-0.775,153
154,1.426,0.385,10.02,-0.30,8.44,3.44,0.52,100,15,70,35,1.4,0.7,-99,2.291,-1.0E+03,6.78E+09,1.73E+10,8.15,,7.96,0.39,-0.189,7.8,0.74,0.774,0.839,1.271,b-SFG,-0.980,154
155,1.427,0.385,10.26,0.24,8.44,2.06,0.31,115,7,62,40,1.8,1.2,0,0.678,0.0E+00,2.12E+10,3.94E+10,8.83,9.26,8.90,0.54,0.067,41.3,2.27,0.704,0.857,1.210,b-SFG,0.190,155
156,1.363,0.373,9.95,-0.08,8.41,2.72,0.41,233,56,61,18,3.8,1.4,-99,0.405,-1.0E+03,7.48E+09,1.64E+10,8.28,,8.21,0.46,-0.076,10.5,1.17,0.656,0.642,1.167,b-SFG,-0.647,156
157,1.599,0.415,10.85,-0.12,8.47,5.95,0.89,173,19,54,30,3.2,1.8,0.129,1.349,9.1E+09,3.61E+10,1.07E+11,8.50,,8.21,0.34,-0.292,41.1,0.58,0.909,1.026,1.390,b-SFG,-0.732,157
158,1.462,0.391,9.75,-0.34,8.45,2.88,0.43,153,9,83,30,1.8,0.7,-99,1.01,-1.0E+03,3.87E+09,9.49E+09,8.03,,7.87,0.41,-0.162,4.3,0.76,0.328,0.626,0.879,b-SFG,-1.088,158
159,1.365,0.374,11.18,0.43,8.42,2.04,0.31,535,13,45,15,12.0,4.1,0.469,2.249,7.1E+10,1.00E+11,2.52E+11,9.76,10.275,9.59,0.40,-0.179,166.8,1.10,1.466,1.610,1.880,r-SFG,0.806,159
160,1.534,0.404,10.19,-0.38,8.46,4.83,0.72,164,10,56,20,2.9,1.1,0,0.411,0.0E+00,9.06E+09,2.45E+10,8.02,8.336,7.79,0.37,-0.233,9.8,0.63,1.007,0.993,1.476,b-SFG,-1.175,160
161,1.551,0.407,10.84,0.38,8.47,4.52,0.68,399,14,46,20,8.6,3.7,-99,0.994,-1.0E+03,6.55E+10,1.35E+11,8.73,,8.71,0.49,-0.024,122.7,1.77,1.724,1.404,2.107,r-SFG,-0.020,161
162,1.613,0.417,10.61,0.07,8.47,4.95,0.74,267,7,55,20,4.9,1.8,0,0.569,0.0E+00,3.40E+10,7.48E+10,8.42,9.224,8.34,0.46,-0.078,53.4,1.31,1.151,1.033,1.603,b-SFG,-0.460,162
163,1.614,0.417,10.23,0.06,8.47,4.46,0.67,71,11,60,30,1.2,0.6,0,1.011,0.0E+00,1.79E+10,3.49E+10,8.13,8.952,8.16,0.51,0.024,30.6,1.80,0.522,0.950,1.049,b-SFG,-0.612,163
164,1.384,0.377,10.82,0.35,8.42,7.08,1.06,274,9,47,20,5.9,2.5,0,0.71,0.0E+00,5.23E+10,1.18E+11,8.32,9.418,8.22,0.44,-0.101,89.5,1.36,2.026,1.621,2.373,r-SFG,-0.546,164
165,1.306,0.363,10.7,-0.21,8.38,6.03,0.91,245,9,22,7,11.0,3.5,0,0.607,0.0E+00,2.00E+10,7.02E+10,8.34,8.958,7.94,0.29,-0.398,19.9,0.40,1.022,1.316,1.489,r-SFG,-1.060,165
166,1.551,0.407,11.31,0.00,8.47,7.53,1.13,298,8,60,30,5.0,2.5,0.158,2.946,3.2E+10,8.94E+10,2.94E+11,8.76,10.444,8.40,0.30,-0.359,103.7,0.51,2.049,2.057,2.393,r-SFG,-0.535,166
167,1.548,0.406,10.81,0.19,8.47,2.77,0.42,251,14,65,42,3.9,2.5,0,0.909,0.0E+00,4.90E+10,1.14E+11,9.13,9.434,9.01,0.43,-0.120,76.5,1.18,1.244,1.320,1.685,r-SFG,0.201,167
168,0.827,0.262,11.12,-0.05,7.60,5.81,0.87,255,38,29,10,8.9,3.4,0.361,2.228,4.8E+10,2.46E+10,1.56E+11,8.79,9.708,8.06,0.16,-0.729,21.1,0.16,1.973,1.963,2.426,r-SFG,-1.002,168
169,0.626,0.211,11,0.16,6.83,7.21,1.08,309,5,25,10,12.6,5.1,0.095,1.859,9.5E+09,1.89E+10,1.19E+11,8.49,9.578,7.76,0.16,-0.723,19.5,0.19,1.528,1.641,2.035,r-SFG,-1.225,169
170,0.913,0.282,10.25,0.15,7.83,3.38,0.51,145,7,25,10,5.8,2.4,0.005,0.963,8.9E+07,1.18E+10,2.96E+10,8.40,8.665,8.22,0.40,-0.178,18.5,1.04,0.861,0.810,1.448,b-SFG,-0.587,170
171,0.828,0.262,10.87,0.31,7.60,4.15,0.62,292,14,66,30,4.4,2.0,0.157,1.791,1.2E+10,2.69E+10,1.01E+11,8.84,9.646,8.40,0.27,-0.440,35.4,0.48,1.723,1.677,2.206,r-SFG,-0.486,171
172,0.602,0.205,10.85,0.14,6.71,6.16,0.92,267,7,27,10,9.8,3.6,-99,1.405,-1.0E+03,1.45E+10,8.53E+10,8.47,,7.78,0.17,-0.690,15.3,0.22,1.634,1.530,2.128,r-SFG,-1.194,172
173,0.820,0.260,10.04,0.11,7.58,3.22,0.48,170,10,37,15,4.6,1.9,0.139,1.075,1.5E+09,7.26E+09,1.82E+10,8.23,8.625,8.05,0.40,-0.179,11.2,1.02,1.450,1.383,1.966,r-SFG,-0.766,173
174,1.498,0.398,10.31,-0.25,8.46,2.95,0.44,126,12,66,47,1.9,1.4,0.226,1.509,4.6E+09,1.29E+10,3.33E+10,8.57,9.33,8.37,0.39,-0.198,15.5,0.76,0.705,0.949,1.210,b-SFG,-0.549,174
175,1.644,0.422,9.93,-0.18,8.47,3.41,0.51,172,25,69,40,2.5,1.5,-99,0.919,-1.0E+03,7.51E+09,1.60E+10,8.07,,8.01,0.47,-0.054,10.2,1.20,0.381,0.657,0.925,b-SFG,-0.854,175
176,1.656,0.424,9.9,0.59,8.47,4.01,0.60,240,7,53,25,4.5,2.1,-99,0.2,-1.0E+03,1.91E+10,2.70E+10,7.89,,8.28,0.71,0.381,56.5,7.12,0.576,0.499,1.097,b-SFG,-0.253,176
177,1.497,0.397,10.34,0.06,8.46,9.53,1.43,132,7,70,20,1.9,0.5,0.403,1.988,8.8E+09,2.02E+10,4.21E+10,7.58,8.476,7.55,0.48,-0.034,32.9,1.51,0.480,0.893,1.012,b-SFG,-1.239,177
178,1.526,0.402,11.33,0.11,8.46,5.78,0.87,465,5,67,40,6.9,4.1,0.262,2.877,5.6E+10,1.04E+11,3.18E+11,9.01,10.09,8.70,0.33,-0.312,133.6,0.62,1.635,1.807,2.029,r-SFG,-0.196,178
179,0.823,0.261,10.03,0.16,7.59,3.95,0.59,191,8,17,7,11.0,4.4,-99,1.173,-1.0E+03,7.64E+09,1.84E+10,8.04,,7.89,0.42,-0.147,12.4,1.16,1.209,1.117,1.754,b-SFG,-0.899,179
180,1.002,0.301,10.83,0.38,8.02,3.73,0.56,378,10,18,12,20.9,13.6,0.118,1.737,8.0E+09,3.59E+10,1.03E+11,8.89,9.362,8.61,0.35,-0.275,54.6,0.81,1.323,1.364,1.754,r-SFG,-0.204,180
181,2.441,0.537,10.57,0.01,8.11,5.22,0.78,315,12,39,10,8.1,2.1,0,0.2,0.0E+00,5.02E+10,8.74E+10,8.34,8.606,8.47,0.57,0.131,103.5,2.79,0.876,0.913,1.361,b-SFG,-0.219,181
182,2.227,0.509,10.51,-0.29,8.24,3.78,0.57,190,11,34,10,5.6,1.7,0.172,1.274,5.6E+09,2.74E+10,5.97E+10,8.56,9.492,8.48,0.46,-0.073,38.9,1.20,0.609,0.945,1.126,b-SFG,-0.364,182
183,2.302,0.519,10.43,0.35,8.20,2.73,0.41,234,51,68,44,3.4,2.4,0.697,3.56,1.9E+10,5.66E+10,8.35E+10,8.76,9.163,9.08,0.68,0.323,161.3,5.99,1.168,0.788,1.618,b-SFG,0.537,183
184,2.173,0.502,10.15,-0.53,8.27,6.23,0.93,55,4,29,14,1.9,0.9,0.044,0.76,6.2E+08,9.50E+09,2.36E+10,7.76,8.776,7.59,0.40,-0.172,10.5,0.74,0.525,0.852,1.052,b-SFG,-1.367,184
185,2.437,0.536,10.56,0.03,8.11,3.90,0.59,239,7,41,18,5.9,2.6,0.004,0.366,1.5E+08,5.07E+10,8.70E+10,8.58,9.114,8.72,0.58,0.145,107.2,2.95,0.911,0.843,1.392,b-SFG,0.050,185
186,2.308,0.520,10.57,-0.09,8.19,4.11,0.62,192,10,44,7,4.3,0.7,-99,1.138,-1.0E+03,4.11E+10,7.83E+10,8.54,,8.59,0.53,0.044,72.9,1.96,0.323,0.759,0.874,b-SFG,-0.164,186
187,2.305,0.519,10.62,-0.02,8.20,4.70,0.71,82,13,44,10,1.8,0.5,0.007,0.514,2.9E+08,4.87E+10,9.04E+10,8.48,8.95,8.54,0.54,0.068,91.0,2.18,0.585,0.806,1.105,b-SFG,-0.184,187
188,2.171,0.501,10.02,-0.33,8.28,2.45,0.37,214,13,52,7,4.2,0.6,0.043,0.56,4.5E+08,9.39E+09,1.99E+10,8.44,8.545,8.40,0.47,-0.048,12.6,1.20,0.344,0.724,0.893,b-SFG,-0.476,188
189,2.193,0.504,10.92,-0.13,8.26,6.98,1.05,170,9,44,10,3.8,0.9,0,0.357,0.0E+00,6.20E+10,1.45E+11,8.43,8.658,8.31,0.43,-0.127,87.6,1.05,0.826,1.250,1.317,b-SFG,-0.544,189
190,2.454,0.538,9.88,-0.07,8.10,4.60,0.80,113,10,43,10,2.7,0.7,-99,0.444,-1.0E+03,1.07E+10,1.83E+10,7.76,,7.91,0.59,0.151,20.0,2.63,0.150,0.374,0.722,b-SFG,-0.824,190
191,1.655,0.424,10.08,-0.07,8.47,2.48,0.37,129,6,59,20,2.2,0.8,0.019,0.941,2.3E+08,1.17E+10,2.37E+10,8.49,8.926,8.48,0.49,-0.013,17.8,1.48,0.305,0.520,0.858,b-SFG,-0.337,191
192,1.656,0.424,10.04,-0.16,8.47,3.38,0.51,162,12,63,41,2.6,1.7,0.208,0.691,2.3E+09,9.53E+09,2.05E+10,8.18,,8.12,0.47,-0.061,13.2,1.20,0.337,0.612,0.887,b-SFG,-0.735,192
193,1.498,0.398,10.11,-0.83,8.46,1.66,0.25,255,20,35,23,7.3,4.8,0.076,0.762,9.8E+08,4.25E+09,1.71E+10,8.87,9.229,8.39,0.25,-0.482,2.9,0.22,1.274,1.307,1.711,r-SFG,-0.777,193
194,1.500,0.398,9.83,-0.34,8.46,3.90,0.58,129,11,31,10,4.2,1.4,-99,0.758,-1.0E+03,4.61E+09,1.14E+10,7.85,,7.68,0.41,-0.166,5.1,0.76,0.321,0.661,0.872,b-SFG,-1.270,194
195,1.588,0.413,10.72,0.28,8.47,3.23,0.48,231,11,45,10,5.1,1.1,0.05,1.124,2.6E+09,5.04E+10,1.03E+11,8.90,9.459,8.89,0.49,-0.017,91.6,1.74,1.108,1.184,1.565,b-SFG,0.146,195
196,1.505,0.399,11,0.22,8.46,4.68,0.70,337,22,31,10,10.8,3.5,0.233,1.701,2.3E+10,6.44E+10,1.64E+11,8.86,10.056,8.67,0.39,-0.191,94.3,0.94,1.581,1.508,1.981,r-SFG,-0.164,196
197,0.914,0.282,10.71,0.15,7.83,5.26,0.79,243,7,30,15,8.0,4.0,0.084,1.378,4.3E+09,2.04E+10,7.16E+10,8.47,9.155,8.07,0.28,-0.401,25.2,0.49,1.429,1.289,1.948,b-SFG,-0.840,197
198,0.914,0.282,10.65,0.26,7.83,4.73,0.71,149,9,58,30,2.6,1.3,0.311,3.04,1.4E+10,2.23E+10,6.69E+10,8.50,9.489,8.20,0.33,-0.302,32.2,0.72,1.726,1.247,2.209,b-SFG,-0.640,198
199,0.906,0.280,10.92,0.01,7.81,7.11,1.07,209,10,31,14,6.6,3.0,0.452,3.201,3.8E+10,2.20E+10,1.05E+11,8.42,9.587,7.84,0.21,-0.579,21.4,0.26,1.282,1.359,1.818,r-SFG,-1.171,199
200,0.911,0.281,9.77,0.14,7.83,2.83,0.42,84,5,46,12,1.8,0.5,-99,1.801,-1.0E+03,5.09E+09,1.10E+10,8.07,,8.00,0.46,-0.063,8.2,1.40,0.672,0.712,1.281,b-SFG,-0.786,200
201,0.913,0.282,11.13,0.42,7.83,7.72,1.16,331,12,79,30,4.2,1.6,0.299,2.316,4.0E+10,5.20E+10,1.87E+11,8.56,9.837,8.14,0.28,-0.414,73.3,0.54,2.210,2.101,2.635,r-SFG,-0.709,201
202,0.912,0.281,9.73,0.60,7.83,2.63,0.39,121,9,47,7,2.6,0.4,-99,0.451,-1.0E+03,8.54E+09,1.39E+10,8.09,,8.29,0.61,0.201,22.0,4.10,1.017,0.866,1.585,b-SFG,-0.295,202
203,0.785,0.252,10.52,-0.16,7.47,5.34,0.80,233,8,31,10,7.5,2.4,0.102,1.346,3.4E+09,9.41E+09,4.25E+10,8.27,8.964,7.72,0.22,-0.546,9.3,0.28,1.432,1.328,1.950,r-SFG,-1.287,203
204,0.920,0.283,10.94,0.15,7.85,4.61,0.69,310,9,59,12,5.2,1.1,-99,1.463,-1.0E+03,2.73E+10,1.14E+11,8.81,,8.31,0.24,-0.503,30.4,0.35,1.523,1.427,2.030,r-SFG,-0.643,204
205,1.382,0.377,10.08,0.05,8.42,2.77,0.42,177,16,38,10,4.7,1.3,0.428,3.487,5.1E+09,1.15E+10,2.35E+10,8.40,9.08,8.38,0.49,-0.020,18.4,1.53,0.545,0.832,1.070,b-SFG,-0.420,205
206,1.379,0.376,10.64,0.14,8.42,1.90,0.28,318,17,71,34,4.5,2.2,0.537,4.547,2.3E+10,3.14E+10,7.50E+10,9.29,9.829,9.14,0.42,-0.143,47.3,1.08,1.292,1.542,1.727,r-SFG,0.321,206
207,1.551,0.407,9.93,-0.34,8.47,4.56,0.68,90,6,51,20,1.8,0.7,-99,4.461,-1.0E+03,5.75E+09,1.43E+10,7.81,,7.64,0.40,-0.170,6.5,0.76,0.277,0.604,0.834,b-SFG,-1.305,207
208,1.382,0.377,11,0.78,8.42,4.96,0.74,273,22,66,23,4.1,1.5,0,0.557,0.0E+00,1.18E+11,2.18E+11,8.81,8.273,8.88,0.54,0.071,290.4,2.90,2.239,1.655,2.560,r-SFG,0.274,208
209,1.550,0.407,9.93,0.03,8.47,3.33,0.50,192,9,90,40,2.1,0.9,0.103,0.2,8.8E+08,9.36E+09,1.79E+10,8.09,8.268,8.13,0.52,0.041,15.4,1.81,0.803,0.738,1.297,b-SFG,-0.655,209
210,1.624,0.419,11.18,-0.16,8.47,7.82,1.17,290,12,67,25,4.3,1.6,0.142,1.334,2.1E+10,6.06E+10,2.12E+11,8.60,9.877,8.20,0.29,-0.397,62.0,0.41,1.676,1.697,2.065,r-SFG,-0.792,210
211,1.615,0.417,11.3,0.18,8.47,5.29,0.79,415,16,55,7,7.6,1.0,0.266,2.198,5.3E+10,1.17E+11,3.17E+11,9.05,10.194,8.82,0.37,-0.231,167.1,0.84,1.803,1.886,2.177,r-SFG,-0.023,211
212,1.492,0.397,10.22,0.11,8.46,4.36,0.65,180,14,61,16,2.9,0.8,0,0.465,0.0E+00,1.73E+10,3.39E+10,8.14,8.614,8.16,0.51,0.019,30.1,1.81,1.105,1.125,1.562,b-SFG,-0.598,212
213,2.432,0.536,10.14,0.13,8.11,3.07,0.46,228,5,61,7,3.8,0.4,0.153,0.806,2.1E+09,2.44E+10,3.82E+10,8.37,8.679,8.62,0.64,0.248,57.0,4.13,0.290,0.604,0.845,b-SFG,-0.016,213
214,2.224,0.508,10.28,0.31,8.25,5.00,0.75,264,12,53,10,5.0,1.0,-99,0.2,-1.0E+03,3.81E+10,5.71E+10,8.08,,8.38,0.67,0.300,101.2,5.31,0.675,0.490,1.184,b-SFG,-0.191,214
215,2.431,0.535,10.59,0.28,8.11,2.98,0.45,259,12,53,20,4.9,1.8,0.2,1.391,7.8E+09,7.28E+10,1.12E+11,8.84,8.436,9.12,0.65,0.272,194.6,5.00,1.206,0.785,1.651,b-SFG,0.543,215
216,2.452,0.538,10.34,-0.17,8.10,2.33,0.35,226,16,46,7,4.9,0.8,0.32,1.218,7.0E+09,2.57E+10,4.76E+10,8.81,9.352,8.88,0.54,0.070,45.3,2.07,0.805,0.873,1.298,b-SFG,0.122,216
217,2.141,0.497,10.24,0.03,8.29,1.92,0.29,126,10,65,7,1.9,0.3,0.42,1.419,7.3E+09,2.35E+10,4.09E+10,8.88,8.883,9.01,0.57,0.131,45.8,2.63,0.643,0.769,1.156,b-SFG,0.298,217
218,1.467,0.392,10.68,0.02,8.45,5.49,0.82,293,15,79,25,3.7,1.2,0,0.477,0.0E+00,3.08E+10,7.87E+10,8.40,9.494,8.21,0.39,-0.191,41.9,0.88,0.945,1.292,1.422,b-SFG,-0.654,218
219,0.798,0.255,9.56,0.09,7.51,3.23,0.48,88,21,40,10,2.2,0.8,-99,1.697,-1.0E+03,2.87E+09,6.50E+09,7.74,,7.64,0.44,-0.103,4.3,1.18,0.565,0.752,1.187,b-SFG,-1.186,219
220,1.014,0.304,9.53,0.40,8.04,2.69,0.40,118,9,17,7,7.1,3.0,-99,0.89,-1.0E+03,4.79E+09,8.18E+09,7.87,,8.02,0.59,0.150,10.0,2.94,0.602,0.539,1.120,b-SFG,-0.660,220
221,0.790,0.253,9.78,0.68,7.49,3.09,0.46,121,14,44,10,2.7,0.7,-99,0.855,-1.0E+03,9.30E+09,1.53E+10,8.00,,8.19,0.61,0.188,25.7,4.27,0.836,0.743,1.426,b-SFG,-0.368,221
222,0.796,0.254,9.69,-0.61,7.51,3.59,0.54,90,22,25,10,3.7,1.7,-99,1.162,-1.0E+03,1.48E+09,6.38E+09,7.78,,7.26,0.23,-0.519,1.1,0.22,0.827,0.709,1.418,b-SFG,-1.868,222
223,0.816,0.259,9.85,-0.20,7.57,4.25,0.64,56,10,66,25,,,-99,0.503,-1.0E+03,3.49E+09,1.06E+10,7.80,,7.49,0.33,-0.308,4.0,0.56,0.936,1.085,1.514,b-SFG,-1.455,223
224,0.821,0.260,9.82,-0.08,7.58,3.55,0.53,216,35,52,20,4.1,1.7,-99,1.326,-1.0E+03,3.84E+09,1.05E+10,7.92,,7.69,0.37,-0.235,4.9,0.74,0.775,0.844,1.372,b-SFG,-1.206,224
225,2.166,0.501,11.04,0.03,8.28,3.36,0.50,397,21,67,25,5.9,2.2,1,2.644,1.1E+11,9.04E+10,2.00E+11,9.19,10.107,9.11,0.45,-0.084,142.3,1.30,1.232,1.515,1.674,r-SFG,0.302,225
226,2.321,0.521,10.18,-0.04,8.19,2.21,0.33,142,12,73,25,2.0,0.7,0,0.503,0.0E+00,2.04E+10,3.56E+10,8.69,9.36,8.82,0.57,0.130,38.9,2.57,0.671,0.584,1.180,b-SFG,0.103,226
227,2.178,0.502,11.21,0.04,8.27,6.04,0.91,376,11,53,35,7.1,4.6,0.007,0.625,1.1E+09,1.26E+11,2.88E+11,8.85,9.151,8.74,0.44,-0.110,196.1,1.21,1.609,1.664,2.006,r-SFG,-0.067,227
228,2.225,0.509,10.39,-0.14,8.24,4.62,0.69,176,18,45,20,3.9,1.8,0.02,0.471,4.9E+08,2.68E+10,5.13E+10,8.26,8.596,8.30,0.52,0.037,45.3,1.84,0.932,0.829,1.410,b-SFG,-0.471,228
229,2.184,0.503,10.82,-0.05,8.27,2.73,0.41,220,8,25,14,8.7,4.9,0.198,2.645,1.3E+10,5.84E+10,1.25E+11,9.15,,9.10,0.47,-0.053,92.4,1.40,1.675,1.523,2.064,r-SFG,0.296,229
230,2.159,0.500,10.11,-0.32,8.28,2.80,0.42,130,12,37,10,3.5,1.0,0.042,0.874,5.4E+08,1.14E+10,2.43E+10,8.42,8.721,8.37,0.47,-0.052,15.5,1.20,0.864,0.708,1.350,b-SFG,-0.502,230
231,2.182,0.503,11.32,-0.11,8.27,3.35,0.50,265,10,58,25,4.5,1.9,0.168,2.209,3.5E+10,1.30E+11,3.39E+11,9.47,10.095,9.26,0.38,-0.207,173.1,0.83,1.472,1.429,1.885,r-SFG,0.390,231
232,2.217,0.507,11.2,-0.06,8.25,4.19,0.63,155,19,55,26,2.8,1.4,0.246,1.776,3.9E+10,1.12E+11,2.71E+11,9.16,9.868,9.01,0.41,-0.149,161.6,1.02,1.787,1.727,2.163,r-SFG,0.166,232
233,2.195,0.504,10.7,-0.10,8.26,4.53,0.68,106,10,71,38,1.5,0.8,0.138,0.934,6.9E+09,4.60E+10,9.61E+10,8.59,9.31,8.55,0.48,-0.037,72.8,1.45,1.429,1.214,1.848,b-SFG,-0.248,233
234,2.185,0.503,10.36,-0.03,8.27,4.68,0.70,259,8,39,18,6.7,3.1,0.095,0.269,2.2E+09,2.85E+10,5.14E+10,8.22,9.045,8.32,0.55,0.095,53.3,2.33,1.099,0.990,1.557,b-SFG,-0.412,234
235,2.440,0.537,9.82,0.77,8.11,2.46,0.37,87,68,62,13,1.4,1.1,-99,2.71,-1.0E+03,2.77E+10,3.43E+10,8.24,#NAME?,8.86,0.81,0.623,119.4,18.07,0.002,0.346,0.592,b-SFG,0.496,235
236,2.222,0.508,10.68,-0.41,8.25,3.19,0.48,200,20,27,10,7.4,2.8,0.503,2.613,2.4E+10,3.06E+10,7.85E+10,8.87,9.515,8.68,0.39,-0.194,36.3,0.76,0.790,1.061,1.285,b-SFG,-0.247,236
237,2.256,0.513,10.03,-0.35,8.23,1.85,0.28,180,30,63,7,2.9,0.6,-99,1.27,-1.0E+03,9.61E+09,2.03E+10,8.70,#NAME?,8.65,0.47,-0.047,12.9,1.20,0.235,0.863,0.797,b-SFG,-0.221,237
238,2.216,0.507,10.13,0.04,8.25,2.84,0.43,260,15,51,7,5.1,0.8,0,0.863,0.0E+00,1.95E+10,3.30E+10,8.43,9.141,8.59,0.59,0.160,38.9,2.88,0.624,0.716,1.139,b-SFG,-0.115,238
239,2.222,0.508,10.1,0.09,8.25,3.15,0.47,125,10,57,18,2.2,0.7,-99,1.91,-1.0E+03,1.95E+10,3.21E+10,8.31,#NAME?,8.50,0.61,0.191,41.0,3.25,0.057,0.761,0.640,b-SFG,-0.181,239
240,2.197,0.505,10.17,0.05,8.26,1.57,0.23,135,35,26,17,5.2,3.6,0.237,1.24,3.5E+09,2.12E+10,3.60E+10,8.98,9.051,9.14,0.59,0.156,42.4,2.87,0.532,0.877,1.058,b-SFG,0.440,240
241,2.449,0.538,9.85,0.07,8.10,1.58,0.24,150,36,45,7,3.3,1.0,-99,0.739,-1.0E+03,1.20E+10,1.91E+10,8.66,#NAME?,8.89,0.63,0.231,25.7,3.63,0.249,0.459,0.129,b-SFG,0.216,241
242,0.891,0.277,11.12,-0.24,7.78,5.50,0.83,370,35,45,7,8.3,1.5,0.457,3.8,6.0E+10,2.12E+10,1.53E+11,8.84,9.994,8.05,0.14,-0.793,15.3,0.12,1.439,1.746,1.956,r-SFG,-1.093,242
243,0.889,0.276,10.63,0.42,7.77,4.48,0.67,251,8,36,7,7.1,1.4,0.094,0.806,4.0E+09,2.56E+10,6.83E+10,8.53,#NAME?,8.31,0.38,-0.221,43.4,1.02,1.189,1.191,1.736,b-SFG,-0.463,243
244,0.888,0.276,10.2,-0.72,7.77,2.62,0.39,170,10,30,11,5.7,2.1,0.022,0.702,3.5E+08,3.49E+09,1.93E+10,8.57,9.083,7.91,0.18,-0.658,2.3,0.14,1.216,1.289,1.760,b-SFG,-1.274,244
245,0.897,0.278,9.39,0.22,7.79,3.41,0.51,75,20,75,10,1.0,0.3,-99,0.838,-1.0E+03,2.61E+09,5.07E+09,7.53,#NAME?,7.55,0.52,0.027,4.4,1.78,0.966,1.021,1.540,b-SFG,-1.225,245
246,0.938,0.287,9.81,0.73,7.89,5.50,0.83,117,24,21,10,5.4,2.8,-99,0.369,-1.0E+03,1.20E+10,1.84E+10,7.53,#NAME?,7.80,0.65,0.268,35.3,5.47,1.641,1.073,2.134,b-SFG,-0.731,246
247,0.946,0.289,9.91,-0.37,7.91,6.32,0.95,150,16,15,8,9.7,5.1,-99,1.867,-1.0E+03,3.50E+09,1.16E+10,7.51,#NAME?,7.14,0.30,-0.366,3.4,0.42,0.652,0.910,1.264,b-SFG,-1.870,247
248,0.909,0.281,9.5,0.22,7.82,3.52,0.53,81,5,36,7,2.2,0.5,-99,1.102,-1.0E+03,3.32E+09,6.48E+09,7.61,#NAME?,7.63,0.51,0.021,5.7,1.79,0.346,0.639,0.994,b-SFG,-1.137,248